<?xml version="1.0"?>
<!DOCTYPE AssetSchema SYSTEM "../../ADSKAssetSchema.dtd">

<AssetSchema>

  <Base val="CommonSchema"
        file="../../../Common/CommonSchema.xml" />

  <UID  val="ThermalCommonSchema"/>

  <Integer id="SchemaVersion"
           val="4"
           public="false"
           readonly="true" />

  <type val="Thermal" />

  <localtype val="Thermal" />
  <localname val="Common Thermal" />

  <!--Meta-data properties-->

  <Choice id="common_Shared_Asset"
          val="common_shared"
          label="Sharing" >
    <ChoiceValue id="common_shared"
                 val="0"
                 label="Shared" />
    <ChoiceValue id="common_independent"
                 val="1"
                 label="Independent" />
  </Choice>

  <String id="thermal_subclass"
          val=""
          label="Subclass" 
		  local="true"/>
  <String id="thermal_source"
          val=""
          label="Source" />
  <String id="thermal_sourceURL"
          val=""
          label="Source URL" />

  <!--Data properties-->
  
  <!--Thermal Conductivity-->
  <Float id="thermal_Thermal_conductivity" 
         val="0.001"
         unit="WattPerMeterKelvin"
         label="Thermal Conductivity" >
    <Bounds minimum=".001"
            maximum="5000" />
  </Float>
  
  <!--Specific Heat-->
  <Float id="thermal_Specific_heat" 
         val="0.1"
         unit="JoulePerGramCelsius"
         label="Specific Heat" >
    <Bounds minimum=".1"
            maximum="15" />
  </Float>
  
  <!--Density-->
  <Float id="thermal_Density" 
         val="100"
         unit="KilogramPerCubicMeter"
         label="Density"  >
    <Bounds minimum="1"
            maximum="25000" />
  </Float>

  <!--Emissivity-->
  <Float id="thermal_Emissivity" 
         val=".001"
         unit="Unitless"
         label="Emissivity"  >
    <Bounds minimum=".001"
            maximum="1" />
  </Float>

</AssetSchema>


