<?xml version="1.0" encoding="utf-8"?>
<FormStatePersist xmlns:xsd="http://www.w3.org/2001/XMLSchema" xmlns:xsi="http://www.w3.org/2001/XMLSchema-instance">
  <Size>
    <Width>144</Width>
    <Height>147</Height>
  </Size>
  <Location>
    <X>0</X>
    <Y>0</Y>
  </Location>
  <DipToPixelConversionFactors>
    <WidthFactor>2</WidthFactor>
    <HeightFactor>2</HeightFactor>
  </DipToPixelConversionFactors>
  <SplitterLocations />
  <GroupExpansionStateList />
  <TabGroupSelectedPageList />
</FormStatePersist>